customer_id,name,age,email,total_spend,purchase_frequency,days_since_last_purchase,region
C001,Aisha Sharma,24,aisha.sharma@email.com,125000,18,5,North
C002,Rahul Verma,31,rahul.verma@email.com,82000,12,15,West
C003,Priya Nair,27,priya.nair@email.com,45000,8,30,South
C004,Amit Joshi,40,amit.joshi@email.com,15000,3,90,East
C005,Sneha Reddy,29,sneha.reddy@email.com,98000,15,10,South
C006,Rohan Mehta,35,rohan.mehta@email.com,22000,4,75,West
C007,Neha Gupta,26,neha.gupta@email.com,150000,22,2,North
C008,Karan Singh,42,karan.singh@email.com,18000,2,120,East
C009,Meera Iyer,33,meera.iyer@email.com,65000,10,20,South
C010,Arjun Kapoor,38,arjun.kapoor@email.com,52000,7,40,West
C011,Pooja Pillai,25,pooja.pillai@email.com,30000,5,60,South
C012,Vivek Patel,45,vivek.patel@email.com,110000,16,7,East
C013,Divya Menon,28,divya.menon@email.com,91000,13,12,North
C014,Suresh Kumar,50,suresh.kumar@email.com,8000,1,180,East
C015,Anjali Das,32,anjali.das@email.com,73000,11,18,West
C016,Rajesh Rao,44,rajesh.rao@email.com,19000,3,100,North
C017,Kavita Shah,30,kavita.shah@email.com,138000,20,3,South
C018,Manoj Tiwari,37,manoj.tiwari@email.com,41000,6,55,East
C019,Sunita Bose,22,sunita.bose@email.com,62000,9,22,West
C020,Deepak Mishra,48,deepak.mishra@email.com,12000,2,150,North
C021,Rekha Jain,34,rekha.jain@email.com,88000,14,9,South
C022,Naveen Choudhary,29,naveen.choudhary@email.com,33000,5,48,East
C023,Lakshmi Nair,41,lakshmi.nair@email.com,145000,19,4,West
C024,Sanjay Agarwal,36,sanjay.agarwal@email.com,27000,4,80,North
C025,Fatima Sheikh,27,fatima.sheikh@email.com,79000,12,14,South
C026,Harish Pillai,53,harish.pillai@email.com,6000,1,200,East
C027,Ritu Malhotra,31,ritu.malhotra@email.com,105000,15,6,West
C028,Ajay Bhatt,43,ajay.bhatt@email.com,36000,6,65,North
C029,Nisha Pandey,26,nisha.pandey@email.com,57000,9,28,South
C030,Vinay Srivastava,39,vinay.srivastava@email.com,23000,3,95,East
